-- phpMyAdmin SQL Dump
-- version 4.7.9
-- https://www.phpmyadmin.net/
--
-- Hôte : 127.0.0.1:3306
-- Généré le :  mar. 05 juin 2018 à 14:19
-- Version du serveur :  5.7.21
-- Version de PHP :  5.6.35

SET SQL_MODE = "NO_AUTO_VALUE_ON_ZERO";
SET AUTOCOMMIT = 0;
START TRANSACTION;
SET time_zone = "+00:00";


/*!40101 SET @OLD_CHARACTER_SET_CLIENT=@@CHARACTER_SET_CLIENT */;
/*!40101 SET @OLD_CHARACTER_SET_RESULTS=@@CHARACTER_SET_RESULTS */;
/*!40101 SET @OLD_COLLATION_CONNECTION=@@COLLATION_CONNECTION */;
/*!40101 SET NAMES utf8mb4 */;

--
-- Base de données :  `lorann`
--

DELIMITER $$
--
-- Procédures
--
DROP PROCEDURE IF EXISTS `findEntryById`$$
CREATE DEFINER=`root`@`localhost` PROCEDURE `findEntryById` (IN `id` INT)  NO SQL
SELECT level
FROM levels
WHERE levels.id = id$$

DROP PROCEDURE IF EXISTS `findLorannPosition`$$
CREATE DEFINER=`root`@`localhost` PROCEDURE `findLorannPosition` (IN `level` INT)  NO SQL
SELECT x,y FROM characters WHERE idLevel = level AND characters.Character = "Lorann"$$

DROP PROCEDURE IF EXISTS `findMonster1Position`$$
CREATE DEFINER=`root`@`localhost` PROCEDURE `findMonster1Position` (IN `level` INT)  NO SQL
SELECT x,y FROM characters WHERE idLevel = level AND characters.Character = "Monster1"$$

DROP PROCEDURE IF EXISTS `findMonster2Position`$$
CREATE DEFINER=`root`@`localhost` PROCEDURE `findMonster2Position` (IN `level` INT)  NO SQL
SELECT x,y FROM characters WHERE idLevel = level AND characters.Character = "Monster2"$$

DROP PROCEDURE IF EXISTS `findMonster3Position`$$
CREATE DEFINER=`root`@`localhost` PROCEDURE `findMonster3Position` (IN `level` INT)  NO SQL
SELECT x,y FROM characters WHERE idLevel = level AND characters.Character = "Monster3"$$

DROP PROCEDURE IF EXISTS `findMonster4Position`$$
CREATE DEFINER=`root`@`localhost` PROCEDURE `findMonster4Position` (IN `level` INT)  NO SQL
SELECT x,y FROM characters WHERE idLevel = level AND characters.Character = "Monster4"$$

DROP PROCEDURE IF EXISTS `findSoundByName`$$
CREATE DEFINER=`root`@`localhost` PROCEDURE `findSoundByName` (IN `def` TEXT)  NO SQL
SELECT sound FROM sounds WHERE sounds.def = def$$

DROP PROCEDURE IF EXISTS `findSpriteByName`$$
CREATE DEFINER=`root`@`localhost` PROCEDURE `findSpriteByName` (IN `def` TEXT)  NO SQL
SELECT sprite
FROM sprites
WHERE sprites.def = def$$

DELIMITER ;

-- --------------------------------------------------------

--
-- Structure de la table `characters`
--

DROP TABLE IF EXISTS `characters`;
CREATE TABLE IF NOT EXISTS `characters` (
  `id` int(11) NOT NULL AUTO_INCREMENT,
  `idLevel` int(11) NOT NULL,
  `Character` text NOT NULL,
  `x` int(11) NOT NULL,
  `y` int(11) NOT NULL,
  PRIMARY KEY (`id`),
  KEY `idLevel` (`idLevel`)
) ENGINE=MyISAM AUTO_INCREMENT=31 DEFAULT CHARSET=latin1;

--
-- Déchargement des données de la table `characters`
--

INSERT INTO `characters` (`id`, `idLevel`, `Character`, `x`, `y`) VALUES
(1, 1, 'Lorann', 15, 3),
(2, 1, 'Monster1', 3, 4),
(3, 1, 'Monster2', 18, 10),
(4, 1, 'Monster3', 9, 9),
(5, 1, 'Monster4', 1, 1),
(6, 2, 'Lorann', 5, 10),
(7, 2, 'Monster1', 18, 10),
(8, 2, 'Monster2', 6, 1),
(9, 2, 'Monster3', 5, 6),
(10, 2, 'Monster4', 9, 5),
(11, 3, 'Lorann', 7, 8),
(12, 3, 'Monster1', 1, 5),
(13, 3, 'Monster2', 18, 5),
(14, 3, 'Monster3', 11, 1),
(15, 3, 'Monster4', 11, 10),
(16, 4, 'Lorann', 5, 1),
(17, 4, 'Monster1', 6, 8),
(18, 4, 'Monster2', 18, 6),
(19, 4, 'Monster3', 15, 7),
(20, 4, 'Monster4', 10, 3),
(21, 5, 'Lorann', 4, 4),
(22, 5, 'Monster1', 8, 3),
(23, 5, 'Monster2', 15, 8),
(24, 5, 'Monster3', 8, 8),
(25, 5, 'Monster4', 15, 3),
(26, 6, 'Lorann', 1, 1),
(27, 6, 'Monster1', 3, 5),
(28, 6, 'Monster2', 12, 5),
(29, 6, 'Monster3', 8, 10),
(30, 6, 'Monster4', 10, 9);

-- --------------------------------------------------------

--
-- Structure de la table `levels`
--

DROP TABLE IF EXISTS `levels`;
CREATE TABLE IF NOT EXISTS `levels` (
  `id` int(11) NOT NULL AUTO_INCREMENT,
  `level` mediumblob NOT NULL,
  PRIMARY KEY (`id`)
) ENGINE=MyISAM AUTO_INCREMENT=8 DEFAULT CHARSET=latin1;

--
-- Déchargement des données de la table `levels`
--

INSERT INTO `levels` (`id`, `level`) VALUES
(3, 0x4f2d2d2d2d2d2d2d2d2d2d2d2d2d2d2d2d2d2d4f0d0a7c7878787878787878787878787878787878787c0d0a7c787878787878784f2d2d4f787878787878787c0d0a7c787878787842787c78787c787878787878787c0d0a7c787878784f2d2d4f78784f2d2d4f787878787c0d0a7c787878787c78787878787878787c787878787c0d0a7c787878787c78787878787878787c787878787c0d0a7c787878784f2d2d4f78784f2d2d4f787878787c0d0a7c787878787878787c78787c447878787878787c0d0a7c787878787878784f2d2d4f787878787878787c0d0a7c7878787878787878787878787878787878787c0d0a4f2d2d2d2d2d2d2d2d2d2d2d2d2d2d2d2d2d2d4f0d0a),
(2, 0x4f2d2d2d4f2d2d2d2d2d2d2d2d2d2d4f2d2d2d4f0d0a7c7878787c787878787878784d78787c7878787c0d0a7c784f2d4f787878787878787878784f2d4f787c0d0a7c787c78787844787878787878787878787c787c0d0a4f2d4f78787878787878787878787878784f2d4f0d0a7c7878787878787878787878787878787842787c0d0a7c784d787878787878787878787878787878787c0d0a4f2d4f78787878787878787878787878784f2d4f0d0a7c787c78787878787878787878787878787c787c0d0a7c784f2d4f787878787878787878784f2d4f787c0d0a7c7878787c787878787878787878787c7878787c0d0a4f2d2d2d4f2d2d2d2d2d2d2d2d2d2d4f2d2d2d4f0d0a),
(1, 0x4f2d4f2d2d2d2d2d2d2d2d2d2d2d2d2d2d2d2d4f0d0a7c787c787878787878787878787878787878787c0d0a4f2d4f787878787878787878787878787878787c0d0a7c7878787878787842787878787878787878787c0d0a7c78784d7878787878787878787878787878787c0d0a7c7878787878784f2d4f787878787878784f2d4f0d0a7c7878787878787c787c787878787878787c4d7c0d0a7c7878787878784f2d4f787878787878784f2d4f0d0a7c7844787878787878787878787878787878787c0d0a7c7878787878787878787878787878787878787c0d0a7c78787c7878787c78787878787878787878787c0d0a4f2d2d4f2d2d2d4f2d2d2d2d2d2d2d2d2d2d2d4f0d0a),
(4, 0x4f2d4f2d2d2d2d2d2d2d2d2d2d2d2d2d2d4f2d4f0d0a7c787c44787878787878787878787878787c787c0d0a7c784f2d4f7878787878787878787878787c787c0d0a7c7878787c787878787878787878784f2d4f787c0d0a7c784f2d4f787878787878787878787c7878787c0d0a7c787c7878787878787878787878784f2d4f787c0d0a7c784f2d4f7878787878787878787878787c787c0d0a7c7878787c787878787878787878784f2d4f787c0d0a7c784f2d4f787878787878787878787c7878787c0d0a7c787c7878787878787878787878784f2d4f787c0d0a7c787c78787878787878787878787878427c787c0d0a4f2d4f2d2d2d2d2d2d2d2d2d2d2d2d2d2d2d2d4f0d0a),
(5, 0x7878784f2d2d2d2d2d2d2d2d2d2d2d2d4f7878780d0a7878787c4478787878787878787878787c7878780d0a784f2d4f7878787878787878787878784f2d4f780d0a787c787878787878787878787878787878787c780d0a787c7878787878784f2d2d4f7878787878787c780d0a787c7878787878787c78787c7878787878787c780d0a787c7878787878787c78787c7878787878787c780d0a787c7878787878784f2d2d4f7878787878787c780d0a787c787878787878787878787878787878787c780d0a784f2d4f7878787878787878787878784f2d4f780d0a7878787c7878787878787878787878427c7878780d0a7878784f2d2d2d2d2d2d2d2d2d2d2d2d4f787878),
(6, 0x4f2d2d2d2d2d2d2d2d2d2d2d2d2d2d2d2d2d4f780d0a7c787878787c4d787c78787878787878784d7c780d0a7c784f2d784f2d787c782d4f2d2d2d782d2d4f780d0a7c787c4d787878787878787878787c7878787c780d0a7c784f2d4f782d4f2d4f2d4f2d4f2d2d4f787c780d0a7c787c787c78787c787c787c787c4d7878787c780d0a7c2d4f787c784f4f787c787c787c787c784f7c780d0a7c78787878787878787c7878787c787c78787c780d0a7c784f2d2d2d2d4f787c784f7878787878787c780d0a7c787c787878787c787c784f2d2d2d2d2d2d4f4f0d0a7c4f7c424f2d7878784f7878787878787878447c0d0a4f2d4f2d2d2d2d2d2d2d2d2d2d2d2d2d2d2d2d4f);

-- --------------------------------------------------------

--
-- Structure de la table `sprites`
--

DROP TABLE IF EXISTS `sprites`;
CREATE TABLE IF NOT EXISTS `sprites` (
  `id` int(11) NOT NULL AUTO_INCREMENT,
  `def` text NOT NULL,
  `sprite` mediumblob NOT NULL,
  PRIMARY KEY (`id`)
) ENGINE=MyISAM AUTO_INCREMENT=26 DEFAULT CHARSET=latin1;

--
-- Déchargement des données de la table `sprites`
--

INSERT INTO `sprites` (`id`, `def`, `sprite`) VALUES
(1, 'bone', 0x89504e470d0a1a0a0000000d4948445200000020000000200802000000fc18eda3000000017352474200aece1ce90000000467414d410000b18f0bfc6105000000097048597300000ec300000ec301c76fa8640000001874455874536f667477617265007061696e742e6e657420342e302e396c337e4e0000033e49444154484bed94df4b536118c7cf40db603ab7698ae4147f2ca7d58d82034551a83b4511d9449d505021284a13ea421d6e601be85de140539894ec80e95f9041c2ce0a6feabe0675a1037f4081cee09c9ef33eef39bc676b647955f4e173f1bcdff779dff7ecfc18f79fbf07978b73bb51975b4689e511d617636f8fdbdf47f7f665743a1d89e511d6bfcfd414373d4d15454e92b84080f3fb4549669ae027604d579d1f732a653e3b43b9a323d09c9767361ac5544a3a3b43f1da31b190591477f805114188c4e3a8cee3e13c9ec8e82828c5e3aaf40041807a6d6c0c1bc0acb7ac8980b530371757c48dd804c5feb410ccfa5462b198200838edaca971daed28ceb2090acd405a0862ff4f1013092991186a6b1b6a6da51161b0b5554d0607078714d608749001f66b103737a5adadc3d55590fd99072b2b6a72707070a860b55a2d160b9bb0686ed4accb05cef4f5a9d20982188d4a3c8f0be08d9c519825d0018328ca2fb3e680fda5a5e4f272b1c974d964c2040ab5660fc01c85af2c994c161714a89d988b2727d2e9a9e6007773737f73f3faf8f8fac404c66ccd1e8039da4fc85c25c562a0e600e48ddfbf1308e04466ed70386a6b6b77488db6381c2d4ac276c2d5a817a4a1a1b212cc560783c15028d450558543703718dc5512b693fdc5940e063661eb1182b9e38eeab39111d0426aec3477dc867a837fbbc1bfd31c108944f0a506700213b636180c7abdde11f9ea58fb861a0d06a39270a413eb46fe3b8809251a8df23cdf43c0a4bbbb3bad1e2014f53c2cea7984160f3c06336b14d752161717c3e1307c382a748280093400b9d62b398af6f0e7abe12fb9d632a8eba3623d2fe516ca355dc6827f5b5eaf7752814e1030773a9dd063f36ed826a926676f7e536f19496077d036f9126a8e636e0e0b7c843e9f2fc46f87f8d7ec23c2dc78ad03acf0bd5265133ca0c2b70d75d6036c84f6e8713b7fcc3e22ccabe7df572f7cd0975fd7dba8d5f31fd4046f91befc06d47459364aef864bef852db7ee5b6e6acccceb7979534c7036ebb5b3e8722e8175cf4feb5ea45875b9fab41c6f0b3b4bb7380f859d0f0a3bbd285e69c9f042c9f03c6e8a1676d106902efb33ec4f3eda9f7eca54f3295d84fcc6cefcc6ae4ce9f4bf0bc7fd0089a76da8a581a1b40000000049454e44ae426082),
(2, 'crystal_ball', 0x89504e470d0a1a0a0000000d4948445200000020000000200802000000fc18eda3000000017352474200aece1ce90000000467414d410000b18f0bfc6105000000097048597300000ec300000ec301c76fa8640000001874455874536f667477617265007061696e742e6e657420342e302e396c337e4e0000030d49444154484bed943f485b5114c6afc67f31482ce80b3511fa8468790aad16741107a13818286241c156685d2c74509794fe591c8a0ea6ad14e260117451071db2b8e8e2a2834e16743043d3419776727178afe7deef7a73f2872aaeede1377cf73be79eef3e038a9b5445434b5174fbdfae17f3f32faf438fdebcee36371b3e1f1f7f393959f73c031df31c3eaf57fcbdde6e6dbdbbe2415f1fb1eeba66ddc302c70c13a2a4446f295efdfd22168ba7526f08cf23e8281dd7c59178148b755ccd980c03ba7a5b913a3d15e9b4d5d464d9b6e5ba1605a4d3d2f13cc3d7749ac04cde7602dd9222df313929a6a684eb0a5a4ac268904888b939e8d1446294b45a314a4783f2a1f5869ce2eb2e2ff3a9a810e5e57a061aa08b5b7c06e47c076f8c8fe7934c4ad05d58d047025dee43031dd0da2a41c0d191040eaab06bee13e8729febb636b5677b5b02abb7570207f9855dfeade8729feb9d1dd9adc9b8353f3db1b92936366a3a0724cac9d14039fab29ad73128f8030312fe8868ca8da63c116914914834f9239accd051b290c96ae6e86b8d725e6b1e90c948e00367cd75d6bdba2771c259971a844666ad919942adafc5e312aef9ab6767c5cc8cd60800f7572e08bd48fd06e89656064a2baba1c5c585c4ec22b8031d0888ea6a1dc9036a7bc7087c070f6878f5ad617c1133626c4cc2dfcb1de8c54509ba3ca0caeea8b2dbe170cd11ed1da2bd3d27007570200e0f658b20411406dc9bde250a3547ecee4acc7602d5dd2d41171a8f884cac127c456462cd38d07c46acae89d5550d028686b2c0e7ba2c6811fc3bca8221e340f319618584656910707e9e25a4ba6767598daa1f9a2610503ff881e03f75dde07be3a0abf9ee11627a9aa853bafe297c57fafa7f11ab96a55f2d4bbf9d65cfe0f3ddf1f96a737cf5083a4a47695fa096c0f7c1074502823dcf823dcf9d61d719f64038bc120e2f9399f5d552ed281d7ebd4c701fe8a58565db7bb6bd0f1cc723fcfe2ebfbfd3715c79fc24d18ed2f6c77d4391571796baacc15215b98730e7b1443b4afba35d06bde2e6a5fe44d7a0476f57ea47be063dfabf6e5742fc01faa6b70ea71c75da0000000049454e44ae426082),
(3, 'fireball_1', 0x89504e470d0a1a0a0000000d4948445200000020000000200802000000fc18eda3000000017352474200aece1ce90000000467414d410000b18f0bfc6105000000097048597300000ec300000ec301c76fa8640000001874455874536f667477617265007061696e742e6e657420342e302e396c337e4e000001c449444154484bed93a1336e5114c597a2103043a12b5402814e202050e9140133d22bef0f500898a1d0152266287402e13d814ac19ebdeeb9b3beef9c33b89811acf98575f7d97baf732f1f7ef5314d009385fd1efd03fe030dc5d3976a0958069e811737464eecfcb0ee8107df6e9831f81e2d0e45cf4bb44a5da5fd359a0666c2b01983da741846cf4b6c495da5fd093180c77d8e564e80d310407491f6f7bb4f48d71dfb465d6463067bb44e69bf19434f0bd98b1b3ca08f17e502b47f5bf6d4c8fe740645afef44e502b4bf4df624b4ea70d8fe2357dc948a03b43fbe508dda1dfbaddd011de1b10e0d600f2beab3013bce94431f536e3776a5a23e1130e0307f507c35120167c079383653fa6a2402d61d1e6f84c712add36b252611d0e4f0b33487c712adeba78b3b49561cd6fc3fcea24369003bd9134f25dee306b805ba80cea25054d86a45230e60253755a331601cd87378cc0ac57ab9bd2e603f3395d0a1c3d62160d88d89f55cc0914cbda11e87ba002ec318ebb94fd42b53efd22c301786cd18d49aa001efbabbea11780a3735637045a340550c980716c2b01943f5d7e152765654ee7657c075855bc7ca058c00a385fd9c0e9c2fb8694eddcecf15f00a8d8f1079f6c7fd370000000049454e44ae426082),
(4, 'fireball_2', 0x89504e470d0a1a0a0000000d4948445200000020000000200802000000fc18eda3000000017352474200aece1ce90000000467414d410000b18f0bfc6105000000097048597300000ec300000ec301c76fa8640000001874455874536f667477617265007061696e742e6e657420342e302e396c337e4e0000023349444154484be594212c475118c53f4521102482a650046c043a45c08640a01308d87492a2280489a02904366c143a81800d8140c1393b777cdefddff7b049ce7ee1bcefbbf77cf7bee7cffe89fafaacbf3ff83fd1f5b5dddc58595978fcbd66666c7636784995d7577b7ba3c974538a73acaa8a28a8ba9a5ebabfb7870716010cc8bf472ac756578982d6d6e815343464c3c361030cc8579c137478684747a10103fc4935203e7b4b0bf18a73825a5b8982dadae8bd52030e0e98e8ebf939c9205c16a83e38c8f726b45ede2b95936ce07301e9ee8e5f5e603190f7bb9203f0b73537177cacf979a2500fb60075159a9f63353524f6f8adddde66d38142d52d71ea58ebeb444bbdc77f8b818170fd7880badfd2de9eedef5b7b3b515c474778fca878d495b4a640cdcde4e4842842de573caaeb1ec7c79f3ea991111b1db5951592c9ca015b80ee279fd4e3a33d3d5965a5555494782129b005789fbcc7d4944d4f07af0178fcc08ff495d817a8b6965c5edad5d597b3f8017575d935ea167c03696383f4f6122f3f607333bbe65b033a3badabcb76768896aa22a9ae01bbbbf46865ba05034e4fedeccc1a1b89af689bea3a6953133d5a996e526363363e1e36c300697999f88a7f157137a9e7677b7909d787018a282f27eaaae207c4dda426266c72326c86015eeac67e6181e8588b8bf40563fce9a4fa7a92d2f9b95d5c840130e0c703b6b6486a5b77b7f5f4845d30a040dbdbc4c7c59558f1b1926a68205e7125d60f06fc4e4b4be40f07948c367b0784773393c071497e0000000049454e44ae426082),
(5, 'fireball_3', 0x89504e470d0a1a0a0000000d4948445200000020000000200802000000fc18eda3000000017352474200aece1ce90000000467414d410000b18f0bfc6105000000097048597300000ec300000ec301c76fa8640000001874455874536f667477617265007061696e742e6e657420342e302e396c337e4e0000025649444154484be5942f33ad5118c57f0a8180198a0fa0480281402710308322d00904cc480a4921103023f9008ac20c81422710308340a070d79cb5ef3bfbd8e7bdd7997ba4bb6685b59f673dcfdaeff687ff00430c0d331c0e3f813beeeeb9afa22a9c2b8879e61758f8e0e3934f0931342a85279e9e79d67651424cbfa39e7a311ccac51863e38cfb0b24c4d088b0cdb6f8ad07eca0430c87080e4857d8ef6e279d25678b70c2c929a7e9a2bc00fbd512254ace068c32aad7f0220931340ad86147f4b09da6eb0ed865f78ba730fa1b8f3ceae769ab8418dfa58106d1da4eb39146d57d2debd853f435fafd5b64d1560931340a586249f4803d665c89d7795b38c448ad4d3489fa2b7be0212fc0dd669ae52c0ce5230dd8634f1c614474250dd07f1175ed8c674be088a3638e6deaa24bf4ba6eba7dcc2a665a8f2bde598476da45eb33cece39f722898caee4d5e3ca5fbe26be69b9dc626b93cd0926c4b02ec5bf04d451574bed0b2fafbc86752966999d63ce311219d3e0b86b2eb32cba2b113696c40d37b7dcfa355b6811d380f8adedf194bb12a15712030c0c3268bdcfbe98edcd1807d8a311d157c9c6bfa2879e5e7ac3a180430e33a601f6bbeb8a030aa3a570c1c52597f1edda68cb183f943df6bb6b7f6ec02493534cb92d218646047737d85867dd011299365c0987186fbcbdf3eedb4988f198e1801a6aaaa9764522d3465a0998667a8619af901043a380155644c7afb22aed78d7d3abe4c201e9c01557d75c3b4042b4c7f50a04f4d1d74fbfbb12625cb7fe160e3810f36e94175f065a6915c321410502fe8c35d6c41f0c2803f00bd0d42845dc6a06120000000049454e44ae426082),
(6, 'fireball_4', 0x89504e470d0a1a0a0000000d4948445200000020000000200802000000fc18eda3000000017352474200aece1ce90000000467414d410000b18f0bfc6105000000097048597300000ec300000ec301c76fa8640000001874455874536f667477617265007061696e742e6e657420342e302e396c337e4e0000024b49444154484bed933d6fd36014859d3a4dda1aab84d8915a3b6ddcc88d1a318104482cb0c300333b3b0c300012137f01061800a92c5dd8bab080040c2cb0c300333b0b70789f97e8163b25481d10e2e80c8fcffd4a2d37f8afbf543792e4669afa8783d5e13094bf8ec7dfc6e38e635f70a2ea1f9caac96ff430cb646d971f396ef8ca0f51ad26fe6116bd2a8ad745c10181ccba138b8b327fd949c736815da3ef846ba46199b1538ec95f16856e735830b14de8b43c551cb0af82c4fa7196e91dc202f9d2f2b24c02fbe1aa663970240cf515900be4cfa3914c15b61b82db692a13e91bbde51e2749f580ed74180864aa30799086a1cc8a5eb32926b749f500b935535461afed2cdbce730a4ff25c6c7f3509556b726b375477e0f960f06230a020904f2f2dc9d55fbdbf9962835f8d8e2d2cc8ac3beef8cdc6866c876731536cf3abad38c0cbb9bfba5a6bbbee412587dd823ad903d1dc5caded4b3b647212d82da8d3b524b99e24fec1e94eaf2773129e6c976daec1c92c095ca3acd994e18f65f96973d37e51d503f438f4b354ed9e3ddac9f39d7e9fe10b717c318e1d4e3d607b34285385e9f13a134567a3884502d9e6cfd6d7658631c3541d06b607de73e0ed70f86e38a42c9029931f6db765fb77d8aac3801eaa30b9d7dd951599f23dc7ac20b74c0f09272f773ab20beafe9351abd19019683bb6b9657aec812f5b5bb20ba61f4076789aae74bb57bb5d987e3d4e12cb357a5f961fca72ff0383f97919a61f9e49e7e2f8fccfcf6e9a9ef6fb323f6296fe3fd6eedadaee2f9fe0c16ad46ac9fee15f57107c07d1b9815b610eed6a0000000049454e44ae426082),
(7, 'fireball_5', 0x89504e470d0a1a0a0000000d4948445200000020000000200802000000fc18eda3000000017352474200aece1ce90000000467414d410000b18f0bfc6105000000097048597300000ec300000ec301c76fa8640000001874455874536f667477617265007061696e742e6e657420342e302e396c337e4e000001ff49444154484bed92af4f427114c5af4583060c24e8162d14d82448c7ac9b160dda21605037fc2b2c160c26ed160d1a7493825db36e5a244011cfe57c85fbf87ef5f99cc5e967271ccefdf5f61ef2cf2f607b5b76769cf7f9bc1a432aa57a7d955e4fa6a7d55b6c953e318d860af3d0e1a1fab1315702b64a9f98ab2bb9be762b60207bc0af26269f57f125140aea2db64aff4db882cfbeb222ababfdf41d562d6818e989c11e787a92e7e7c88bf20fa0018aa15e577111fe85bbbbfdf47dddde5eb8ca2934407683239d56918707797c8c96fbf000c5aa9dc208c42a7d64c3d1918ad1d2922c2ff7d328fe014e118c40acd247b8b890cb4b999f57117a2b7ba0581c26ac125603e472aa6653c5a7bbb9713f07e23065137ac224c0da9aacafbb2782810e0e541cf88aec5480971769b75d2b0c343525939391d7f2b93885112840ad265b5b6e1d0c6473ca1e1b84238a812bf80d321995c51ec86647ab7e7f007be0f858454fec819393d12afb3f6461414a25393b53718c1e2144ec81f3f361277b98dbfe08ad96dcdecaecac8ad02384b8c81e989b1b76b287397d80fd7dd5e6a68a6c6ca8e752e6ece122fb726c4e1f607c5cd5e948b7eb86e93906034d4c688ffd4e84b3eca4ff904a45aad588e73a9841ee1f203c90187fdddd9ddcdf070e208412e31f28976571d1790bc2601ec3e9a9ca7fde1f636646f567117903ad28f44842d4fa450000000049454e44ae426082),
(8, 'gate_closed', 0x89504e470d0a1a0a0000000d4948445200000020000000200802000000fc18eda3000000017352474200aece1ce90000000467414d410000b18f0bfc6105000000097048597300000ec300000ec301c76fa8640000001874455874536f667477617265007061696e742e6e657420342e302e396c337e4e000002c549444154484bdd95cf4f134114c7a7495b0e6c1341435ba118a014812688fc03b60916b546e56a82861268d41e684c30f16a4263c0286dfc7535d16802176282977a91b3467a2807f152fd0bc4d01e767c336f763abbedb6543d18bff91cde7edfccfbee6ebbbbe4bfd6f2726b381c62632375773a25fabe93fe34512a1180d2faf4f490ee6e81add66f072474dbcaf4340174dd3a1ad9d820ebeb02d3d59c196d8f18d037230d8884d99a7c9e0096e916221101d3e795819d558165a2055c130e13c0ee3a909d1d0193feda3ac88e67f3fea7f3fe850502340e90b416d0e672b89d8e8303522e5b07d95113905090a6c1ea8c7765c64bef736a6609dfdcad09185178ce912d009dc941867a8b4a2ec6a8b2d7e8360cb8cc912de00a77f21efade539d0edc0cd01b01d35edb808b1c75696df78346b7dbabd301f5dce74e306c031e73e46a40ed3ee1dd0b417a3e68ba456ac05e1bfdea96ad9a00e4ba027772095f76d6c0efcbfa7cd92c01c4a07bbe2ac6682097b30b0007311cf9e8430125833b8d9f06b1ebd654676aaa53e783a09035923ac79cb5595f95352249a5186a8cea98de48c587c1dd47c190df0d608d0143c79983570926f3f9a0dd5dc6d0100985c438d52916596d0a383ba6c5c6b4adbbbd0014005ec73bee6058ec14f7f9b8588cb1b5c5c048d5c1ba8e36eff402f1094ffcb4b6b914c0430003d0d7bf69f4bb169fd0d89a4d22511dd3b9abeaeb72015f72c1bddc607f971b0f01bc456002f42d03ebfe3ed2672076f1ba89705c3a7e14509d07d7bcf03a42e8472ffde4c5335d5c24e934d115a789ca2f872baf86f1b6e0060c5037abff13ac2b15c6a10216263b92931df8231f3e209964b42075287cc80aab036a007cad0a055380da3d94d400f81a47c3eddc1682ef6d342aeabf10d058ff6a40e66a17b074e95853321902b41c80faf1e2e47e337e73346a367224116d8258fa471a1f97a00cbb5ad71121bf0022bbc10fe3dd43d20000000049454e44ae426082),
(9, 'gate_open', 0x89504e470d0a1a0a0000000d4948445200000020000000200802000000fc18eda3000000017352474200aece1ce90000000467414d410000b18f0bfc6105000000097048597300000ec300000ec301c76fa8640000001874455874536f667477617265007061696e742e6e657420342e302e396c337e4e0000036549444154484bad95cd4b1b6110875fad31a52aa8b15adb247e6b34524b859e7aa8a28960a47a2e7850fc80eaa12a2ab5b4570b06ac5ae25dda52a11e928b1eec9fd04315340715f45f50a882497fb3f3ba4eb2ab60edf01c9eccecccbc1bb3abb28d4c678e49c36a12f8568e013b937937d7bc46b7fd5b14754fdba2cbff2b1e156681ebfd56f163c203b48fbbe11916bf41b4f87380f49f1fcac0f5ced7bf107e656c85ab80f4468f1368f71a3e97ee19c68dfc166e13836d05436d05cb83a500623a57d9b9777920dd87da8deb851bc5d4f8f3a5fef46b7d7656068098ced5eb9d7b9d8e4b4fb98fb93962bccb351e72b127e32ec0aee92d01b24bc658c8e835ae49ae36809405fbfbeae0405554a8f27212904c12d2b9ada2d8517e5fa39b8de0ccfe52cdc1e71a9b05a190eaea52d12801013c543ab7c5a63cd10be484e82465ba9af340c2baa0bd5d05026a638380001ecac1f98d776580d73072c4c68c17d540536ee0718ecd829d1db5bbab7c3e55574702e402248987d920f1dd7e015777e6ab76e7abad55b5b8488c8c10ec7201e7473a0ac162df031339e175f0b26ab3001fc0f9b94a2474462e60c7d941a66c1321ab7c97290b161688d151829d874ae773e1800b17c80938fe684721e76dee005f7a3c4e5f746d2d09d04325465bfc5335b08ea82dcd06f803d856e967130caaf5750202d2a703a32df82437d8946bfd9dacbff5aecf7851b2adaace4e7a1462310202d2a703d166fd96f17cc4a6bda1e6bcd053bb057b7bf4305756d2c30c01e9d3c1b50bf08483bda56a3cccf24a1de130313646b0f350e9dc86770eb09ef14d27e5c3bd25c06681c3419c9eaab333ed3c940349e25b3de066eb08bc3e51c5abd47127c3e6671a8910c3c304bb5cc0f9e1f602c067b72ec0ff00542303a5c05a555b5b6a7b5bf9fd0404c8059cf77b9c603b5c652247f8dd97559b052d2daab5556d6e12102017707ef37d19686dcc31d1652364d5e657d4ddad7a7ad4da1a0101bc403a9fabe7599e896e36626dc203386fb3e0f0501d1d298f47b9dd2480874ae70547911a1339c2ed72804323cf57a62cc03b0e23a6a688d959420f95186d123962f2a56bea65d1ecab6260adaae3637572a2e1303f9a98734de488e315dfc98a8f33d275f4f5a9fe7e0d87f9d1246d3a9023fa5af2fb5bf3ad7e83f8f5b1328d9433de3e9efbeea5a10b5785527f019823ff0e23e75ab40000000049454e44ae426082),
(10, 'horizontal_bone', 0x89504e470d0a1a0a0000000d4948445200000020000000200802000000fc18eda3000000017352474200aece1ce90000000467414d410000b18f0bfc6105000000097048597300000ec300000ec301c76fa8640000001874455874536f667477617265007061696e742e6e657420342e302e396c337e4e000001a549444154484bedd33f4b02611c07f0e72032386b53702829a1427439a1bdde40e150d03909056ebd81146dd0de818b2e0d5260d45643e79014d4d49f59285c1aee26a148787e3d0ff728cf9fb82edae2be7c86e3fbf83c3f1eee44418204f96f314d94cb31bf8d699ab95158a5c6b691e3309ac64a9fb16ddb194553376f96cbc413949f47b62ab461cb9e21bf2200f6018aae4a8536c29433fc7e0e1faa48644681241893d3bf210c78c137af70ab6ab5f61448229d3b260cb8c6575db004dd034a2ac102580658f2d6ed2242186060db00479059308c79b90407c321fc2493d10c839d3c4aa341f137cce729b7e7567b704f349b8546a3d0833be9d9b596cfaf92bd42749de2dfd76040b93db7da86e1290cc3e1295d0fb5f1a7f4ec3a1a0c08e1638d6e57a907883e8adc9e5b5d07d820e36b3554adaacf3ce125248f71f204548bf5be04f515ee8d557e064caf642528abf0f3478817ad78c9e28f8e973aa461cbdeb12c427f8331647568c90f08cda608fe1ea1b93469d8b27752292271811397e042a9342dd5c476eab15d06216ebe8ff8daab4d4c8eb1ca77feb2374810af20f405faee29d2d4ca1a440000000049454e44ae426082),
(11, 'lorann_b', 0x89504e470d0a1a0a0000000d4948445200000020000000200802000000fc18eda3000000017352474200aece1ce90000000467414d410000b18f0bfc6105000000097048597300000ec300000ec301c76fa8640000001874455874536f667477617265007061696e742e6e657420342e302e396c337e4e000001cd49444154484bed96a16fc25010c61fc9c4d402626e829909503898c7811d4bf81f4090800012320796043301196e92a9a9255bb279162c582a2020200ba2b76bef717d505e19a4cbccbefcccdd7dfdbe1685f8d7118a854f6397472223bcf57a177e3b96404086ecd6cd8dc86484f97e011f7a1e231e64aecf1019e7d6782c0c43c0d78917ae5015e3fe0ad9f11d958aa85685690a807d7c9eef05a310a9a02dd30c02f84c2864258b075b00fed3ed5ac9f8b398c0eaf7fd41d166c1edad3f2899eb82a727e8f5201a854844522c42a924e1e5163a0f4621b6d6058904c4e31ba6d90ce67389ba57513deacb611462270b59a09e5b2d8b66d381366cf8a1475b3099c074bab1c111e19137de4f690b0a050b1e8fde680b886cd661ebc4787bf6140c060e5b2746f5b813b405e532542a7496c2116103421b6f8fb660b180e5d25ab27044d880d046156dd41c6d81fa5eaad880e8744081613890d88090dc9e030af279c8e52424362024d5a3c9d117a81b128fbcf17eeaaf0b6a3507121b1092db7340c16ae540620342727bb4059d0eb4dbf250af43a3b1037e12d93a3174c528c496180e87a3d188064826fdc17e698c4589542a954ea7e577bcbcf8832d8c45c93f2fcfbfa000feff12e21bedf6dd0069f59e260000000049454e44ae426082),
(12, 'lorann_bl', 0x89504e470d0a1a0a0000000d4948445200000020000000200802000000fc18eda3000000017352474200aece1ce90000000467414d410000b18f0bfc6105000000097048597300000ec300000ec301c76fa8640000001874455874536f667477617265007061696e742e6e657420342e302e396c337e4e000001e649444154484bed96bd4a034114852760619910888d85b65a2c76913c849d11b4d05788a0164a240f60111f40491ab715f401b4104b052d1462ab5d62652ce67ae667ef8ee366478885a087af58ee99396766ab11fffa635a989d0cb320be89af42415cb666c25c8aef70716163adea75055d4d872111e4e44481c0e5659d8eb3bfbc28e86d22cc97380f2945a522a6a654e0f3b3107b5a443fc26eab2500674ab98b4e47afafe320078362b1582a956c1a91c475ec2724256d6f8fc5ce4ea7d3e976bb36f053c1ed2ddddcd0dc9ca25e4f3113971c777e5ee580444901cebeb2a2308bd0c4b8fb0df9aec949e414f00a149c9ea6e0e25b5ba90bf25d8084445905a05ab52c2ed26040fd7eb60bbeba205ce0727848edb63f6432dd7041ad96e2ce0df92e0814c03e3fb79c9da573865de05986bc82d5555a5bd39616e6980076812bd7654616c0b8bba3fb7b6d25c204989de6db95eb32790599e2fb658a5de617141c1ca4405ec128970914b81bbc8911bb66f2cb0aaeaf15ebeb968d8dd4059e0b5c971959009696140f0f96c7c73c17b82e935100edef53b36957c4b10f6f0ebac80146712ce33829787fa7e1d02e8a221fde9fefe2ecc801106e1645328ac4a6962e213a3a1a8be36364e0b7a8c44663b35c6e94cbe6d95278fa39f57a3dfd18d212e2032a70a8e05766496f0000000049454e44ae426082),
(13, 'lorann_br', 0x89504e470d0a1a0a0000000d4948445200000020000000200802000000fc18eda3000000017352474200aece1ce90000000467414d410000b18f0bfc6105000000097048597300000ec300000ec301c76fa8640000001874455874536f667477617265007061696e742e6e657420342e302e396c337e4e000001be49444154484bed96b14ec25014862f898323840416075d61206e121ec24d4c60805780041c34181ec0011e00038bae26f2003018464860800457d8a89332f4786e4fe93d6db55c828389fef90672bff4ffdbb254fce7cfe4f4549b93c3add8a53cbd9ee8f7f5a81f6f2514b26b652e2e44362b1e1e24001abc1c6d050b113b8b85582e453c2e6231619abe3a3fef075bc142c47e0ed3bc06b8a1d4eb02019027fb43c1011336894422e170d8340c787bdb0b16d740a7d369b7db707505d5ea5eb04ed7008c46926412120917d9acc2a310bf1d0e658f15f7c0e5a5c4b9d2012f70f028845bba39eab19add03fe7baf54e4233f3d29822d6fd01a58adc030e0ec4ce1b7e9f4d7566ba0d18066d37be8106cb506884c46e151c8777687816e57e151c8f3b3b23bff07b99c84874eb8e50df9bcb25a03e3b184874ebeb393893ca11ead016e7982edef1bb8bb535082edce03fc8442bfc9f2abf8c96f1a281414838184db62d16b771e984e15e7e7126e67b3002bccc7474028b7b712d204598e8eadd5648f1561a65280d0bdacd712fe1c64398e0ab01f1fb2c78a2845a365a4542a97cbf6ebbabf87566b2fac6021c6fab2d8643e9fbffe5c42f8dd22c427cabea8e0c2f4e95f0000000049454e44ae426082),
(14, 'lorann_l', 0x89504e470d0a1a0a0000000d4948445200000020000000200802000000fc18eda3000000017352474200aece1ce90000000467414d410000b18f0bfc6105000000097048597300000ec300000ec301c76fa8640000001874455874536f667477617265007061696e742e6e657420342e302e396c337e4e0000018a49444154484bed953dd2c150148693463640610b2c20bba0a365030a0c8a98b1022d96c12a28b56c201a8342a1b8f77b6f4e9ce43bf26350283cf31472df93f34614ac1fdf42f373341a8d702963dbf6e173f8be1fee25c6019a98cdde556ba594d9e879e352c92b162ddaac2f177d3eeb4ae52dab55b30702a5b4eb2ad70d0a70311c1ac50d2f8825a391d909562bb55cde0be243cd6664fc9ccc4e21bec71dbcae8702c4db6d249fb3d929cc2aa017c5d0ab1b0c9253104fd9d40204f89d611c5c9e4ee19dd9299b5590087fbf443865f30b8ec748200ad25236a7009f7bbdd07e3f4a21c12904af14885151c0299d7c6581e745720a89b494cd2900d76b24100569299b5a00a753a3e0c994cd2aa0f870f8a7ef4729cc4e614e01ec74a4cfa730b9a0d5328a5148e78f8a311651bb1d2cd77ab351eb755000763ba398c6b3d0f9a36292a4f9fdde2cc443d7ebaa56b3e6f3f962b1084ab49e4ca469883136003b0de532b40a8582e33814e8db4d9a86186383f78e9d06db86e15f7fef7374bbdd70e98fafc0b2fe00a74b17fc27d54b7b0000000049454e44ae426082),
(15, 'lorann_u', 0x89504e470d0a1a0a0000000d4948445200000020000000200802000000fc18eda3000000017352474200aece1ce90000000467414d410000b18f0bfc6105000000097048597300000ec300000ec301c76fa8640000001874455874536f667477617265007061696e742e6e657420342e302e396c337e4e000001ce49444154484bdd96bb4e0241148687462a2a9e819040610c851498400f150428e5052cb48457c082284878022f8d4463c00e6b2de8d42895093c80967b3c3367393b2c3bdcb246e397afd933ff9e7f0a1256103b3f80bd9a180c060f7e130804e4ea62b1582a952ccb02e4eece1f15b81611e3f1783299d008f6f62095f241755d5c8b08fbeead963416736c341cf5b9ae2943db14d38278dc39dedd95d29ca009073c33c9a43ba34ebd0aaeafa1db9543061f510ea034d1a189bec7584093e1d091e0004acc67d62828971d090ea0849e31ec3117e813821f79b2f8addf2ec0df59b3694b700025e6336b14ccc301d4c4df28787c84a7270f3980ba8ed8950af27928143ce400ea3a62f58cb140b75a855acd569ff3d035d75da9e0f313bebe6cf5390f51d3bb2b15d4eb707c2c0348a7e348e011ea7a859d29c864209d762758fcc3f0d4742d5c85ce14dcdf4b4d2f1c1c78eb8ab1fdbedca6981610950aeceffba0b673b6e0f5155e5e7c50439c29e0eddc77db6db9596c29accb6db8f2d960506e565f45421c66c347d9b0751183a53e87977a9493dbecd53aef2791d169046e22706b16c4024723297d7179904d84728990f5118205ce2dd5cde5a44be8f536d778779d687473ff1f427c032bfbe44fe33db0340000000049454e44ae426082),
(16, 'lorann_ul', 0x89504e470d0a1a0a0000000d4948445200000020000000200802000000fc18eda3000000017352474200aece1ce90000000467414d410000b18f0bfc6105000000097048597300000ec300000ec301c76fa8640000001874455874536f667477617265007061696e742e6e657420342e302e396c337e4e0000020649444154484bed96b14edb501486af9764ca06ea9a0e11128c190282810768c48212a60a5e00860e30048915c4d88a443c03434c8b847802160a2b48cd5429196183e15efee373736c4e1dc725193af4d337c4f73f3ebfed2986694e8f46a3e1970a41100ca647bfdff77b99fd08c79c9c4caa73d65adad86aedcfceb666660c6f764f4feef1d1cdcf93b55a2c9f24cd481716680f04d662c0d66a51012e7677491e0a436fb7fbe67e5652a82288257b7bb41384a1ed7687051c379b6e63230a23708e1328294c924c453ce2107cae440182bb3b32099ff09dd9a99855c0c817383fa74b793f4652082415c714e0f7e2a27769294e21232904ef2950a3aa40523e794fc1f2b27765254e212329047f5d002e2e62812a18958a59053737a4425664a7e2c802b8be4e2a72a6625601c767675a49a18a603285630a60b5aacd9fc2f105ece969eca89354731560683020395d5d25193e57f349f3bec1f6b6dbd989c69cbbba22199c43359c34bd607393fc73f4fa5aab669458b2b5152d278605e0fe9e54d3706d4dab0692e281b0e4e1c1ef7c53c01c1c4c68bbddee743a7e5b4ac1cbcb24dae7e742a1502c16fd362ef812e15c6e6f8f467b78fcf903f43b6f8feccf43fa631104a6d7239dcbe18f4ab6f67ba55c361fcba6f7adf2eb6b25faeb624cbd4eea5da9fe2e8d350c0dac574b9faa255f00f01e9797d33485b9b969fa9f7f03635e0131d4c659faa23b710000000049454e44ae426082),
(17, 'lorann_ur', 0x89504e470d0a1a0a0000000d4948445200000020000000200802000000fc18eda3000000017352474200aece1ce90000000467414d410000b18f0bfc6105000000097048597300000ec300000ec301c76fa8640000001874455874536f667477617265007061696e742e6e657420342e302e396c337e4e000001d049444154484bed96bb4e0241148687062a3a8d2d16c444cb2d9060e103486c0c50197d01292cb060135b8da54688cf60e17a49084f40e3a5d5442a1328a5d3628e67f610e6ecaceec5ddc2c22f5f01e79f3dffb0158253abd5eae9315dca198d46e3f4c864326a697b6ece9e9fb7db6ddbb6a594809c9f27d505172242964a80d2eac944b9b202cbcb1ee90c6944a83f7d7f577b5c84bcba02c7a12f707000ad967e72261e986944286d20e972b804752f2da6af85f0dfbd5e577268c253bea1d1d069a482a727258726c129ed895440e9ec0da0044fafafcd3476c1eaaa96e069b9ac539ac42ee013823ef375fe498c824a454bf0746d4da7bf2cb8bbd312c169ec02cefdbd32384d54b0b5a58c9c86155c5e9a06a77c43a402cb328d9e462ae05e5c687f9a7063178cc74a627d5d49cfd2dcff6cec82bd3d25d1ef2b896653cd8dc3e83705bbbbb0b3639e331c0c4cfdd7c225e837052f2ff0fc1cf23b36374d8d03282e415d3c05dd6eb7d3e9c0e16152199e825c2e97cd66e5c7077c7e269221e4c3113c1eefbb9c6c2fa0f0a8263f0afb1125c4eb697178565c2c884241c89b22dc860922d4e15049ff5ac48695af5a79c71128bce5c3f5adf35bad2a3df47a693abd3b6769294dfff94b08f105d486c659fc76eca20000000049454e44ae426082),
(18, 'monster_1', 0x89504e470d0a1a0a0000000d4948445200000020000000200802000000fc18eda3000000017352474200aece1ce90000000467414d410000b18f0bfc6105000000097048597300000ec300000ec301c76fa8640000001874455874536f667477617265007061696e742e6e657420342e302e396c337e4e000002c949444154484bdd96bd52224114857b0213a0fc8bd74c234830506bf9097802ddda12034c20d5aa8d848440adad95273060d7ad52130d7c02358044ab74239f003600aac004d2616fdfd33334f4b42b1bee5727184edfbea7a7e70ff17f333313281b6ad6149c9e06ca86e3386ae25b44a323b9ae180e955e5ea4f8d81d8e7861701c8bc5a21eaa5b00777723f9dd49998c1447ea0119c675a5777f7f7fe71174369b9b626b6baca92e1a22dddc9074b61804e8c0579d158d86683627fbfaa221d2d292f83046a3d168369baaab069984771e0707a2581cdb71a8521127274a70a88ca4261d148b45acbd52a99c7820005001d79aad0703297d1ffb7d650e06a17038140aa1f580d177bcdfef938300823d33a05090d2c9e79559287c6730bfc0a81a269fcf93e35f15f6cc80d555118ff3580098fc8b31ef9638f3b7807a5d2ae0569360722a954a2693cad2a8d56af57a1ddd09f6cc00289b95324080b9f6ededed6c36ebaf1df0882da0dd96321ad9025aad56bbdd465f1f1eb10540e5f2845cf768383c2a979d8911f8c7c747041d405ac0ebeb487a80a1deab135808676141cccf8f5a6a01bbbb23bd794eb95d27b010cef9b994ef300f0fe2f171796565d9837e4aa7dbf5a53bfa5541000f8ab53529ddf10ad7d7495f351c38b7b7be7447bfbc68b7b1217bd03a49583b9c31f6f6f6f6f7f7af99743a4db739fd0c74d404e6e2422a979342d8e5a5748c5b4c883083763f99482442ced5d5d584a32630744949b46dbd9e5afbe2a274ac7c6638e59a9e1a7a764ce7f0504c08ada180b59b54ab557a9da1e9dcdcdcecec2c1cd0e9389d8ed085d6387e57c04706015f9844220193d8d91113c2eee3780ae8d34a9f5960be18402221858077ad5da7dbedf63c6c014f4fe2f9596dd1d4013f18bcb36c0158fbd919154f1fc0f76dd8f6ee04088844a85839538300fa9a7f0ba254724a2555f98fd0bf8fdf766c673605f4ffe9931d556443883fed68e398a61dfec80000000049454e44ae426082),
(19, 'monster_2', 0x89504e470d0a1a0a0000000d4948445200000020000000200802000000fc18eda3000000017352474200aece1ce90000000467414d410000b18f0bfc6105000000097048597300000ec300000ec301c76fa8640000001874455874536f667477617265007061696e742e6e657420342e302e396c337e4e0000036549444154484bc5943d4c5a5114c78f89da263a00893268139dece0e24760c085a4a3a495a192a24d2051d3559bc8a034ba4013dd346161c1f845c2a28b2e0e60222432b9eb80039000030eba60cfb9e7f2bcf6f19ebab4bffc87df3bf7be7bdee5be07fc0f464628a63e22307763d269c864a0adcdc4d3e97426936933f5564c4f530e0e2806fe759a3810083574b9e6334a258add0ebdbd502cb6f462b1582a95ec767bef4bfe7c1f2b2bb0ba0aebeb1414cd7992525f17ac0af4ce8bb2739d6e271a0d787c048b8552ad42ad26975611758bd56ab158aad56aad56b32aaeffdd1b8dc623ae29e1068904657696a2676606eb09c1ac40753947a155835c8ee270500cc866b3b95cce214041f4cfae8eca926ce07452b2598afe27123805d8066197030a171717caa8df4f7be70628989d1d0a3bc3731476043302aef8fd7ebe4478b4b9b34a854e0f57c7a0606c36b05a659d27a92ec0e3452a950a9e302fc4ced86c361ce599402f5f382c77c0c137726d8d8a1894bf5c69836f61381c5e13e079227889c861494f0f05bfa372f9a90706bf2fadaebad280c16faa5c2e7303fd8103ecef537c3e8ada00ff18b4ba3a4707fe2bf87c3e7e295b35c0ffaff37370b9282818b5cdc4c4539de7e81872b930e7828fc2e58064749492cf53d8d5f350ebecba678c5e5efecee74705d17c1efdf93e02010806211ea7a068aef5c02875773088e15bdd8100fa8f781cc375d53900f53adcdd41773774759168aeee43a927eaf59dbb3b7e46f6f7ddddef9a75d539cd6f381a85480442210ab3bc4ccea35cc70991c8e750e84b28f42d12c1a09878b2d148e2bd5028c0edad7cd2be3e8a0a8ff6f7535db8adbfdfd6d7172b1462c6cefb3b940da6a6c0eb954f9a4a51d423e251aea378bd4ba9d4cf54cae9f53a8c9d6f6d3660cece28bc0fb79ba2c2a3a271f8ececd74bce1c964a49fc3625c3c3146e70754551f7c1a3820fc3c31873670e4f4e92a7a7f242128b51b8cdc20285999fd7fc93e0353e3737378f373ea3b393c2e7f1f040e17ddcdf6bbebbbbbbb7b7c7c768ee1d1d1dededed78a96371119696649bcd4dd8d8a04b0ccac6c6a4c7333939f95d8062e2723543aeafe1e646fe5c83833030202bc2b7b6b6b6b7b7dbb0d8d279df2f808fe0f1c87d1c1fc3d1115d62508e8ec6c6c7c7c6c60cfd0de06ba0859feb35fe0686869ea256ccfddf01f007b39c31bcf138e4440000000049454e44ae426082),
(20, 'monster_3', 0x89504e470d0a1a0a0000000d4948445200000020000000200802000000fc18eda3000000017352474200aece1ce90000000467414d410000b18f0bfc6105000000097048597300000ec300000ec301c76fa8640000001874455874536f667477617265007061696e742e6e657420342e302e396c337e4e0000032b49444154484bd5953d4c535114c76f09ea506883a426044c28c4168b6110c30283245018da40bb48a27180a8938b98c0a289ce3631a2a10ee2a6960407fa416161d10d4d8405d2a40c6d6d31d14d13977b3def9ef31ef77d146131f197dff2cef9df73df57fbd83fe2bad77ba3be14b2718255df83c11ff57551caca09563df0f91e9ae5a190d07decf33df2f9d40570081a01d0b21ca4a88a4f810f0e0add6fc120a86e70100840c50880e7689d0685ecbc5510b99ce194d73be5f1504872cde3810acf668dcc3b5aa7e172292733a820ea3034344409339c734a9851f36c6b6beb930ef56d50db06b56d505bc28a9c1785405f498c43478f6669690926d08184ad70fe5e08d42d512b768fa6a9a90926a8b78e4d703e29048a4f65626e6e727e7e52a96b87ba73f3877ce17c5b08142b3841adb3c69fbcf19720cfb6831862a5122b9749f95650b75d2a592c9592e5324a6f8eec2e729e1402651d1ff8f98f82bcbf023226a3b1188bc74949c7acecae48e5b881586c201e473183dd01210c5928c543cb421517abb87bafba7b8731e93e905e1a860ab515dc079c02bac7daa0fbc976776207bbddebd2c40ee890cc730ae8b2b65bc9b6db49633ad8327aa765c46468593b89b6db2f21891e9d4431cf5c8da741f53a2ebef96d11ebae5367306ce42d3110936a9e2ead3572af3532fb7acfd9d6e82c74292ac1bc7abeaaf63cb1bfaf094fdea2dfcf3a3b1d1cc91447b3fbaa175e68da9f0d118d6a726edd209d66abab0e6e56229b95a86af39568737f94c6d9e99354ab7db51ab9bece0cb1825b6e6c1cd68df300c361cdba3c95acad1d0a9f996090a1b99c5611c205837a7aa808aa57bcbbab59ef0eb1cf0a333333d3d3d3d490c021b0b0c0407504560a85b142611cadbb01fd014a1a1a1aa86a06163bae4fa552cb44caf445439e4970f45d0935143083d74125857109eee090d9e57c4f08d461ff4000c4cc9a2420a1ae422e97c300609a13e67c4c08d4e116e4f3605876abb55ab55acd4beca7022d0373175e75105f8548c4aaf2a25484f8aadb1f895c365be11ceae94c269d4e9b37801f2b88538a45abfa7430234456f779b16811ebfeae2e3f4c732091f8ab378f61fd1fc2ff07637f002b7e7b7dba048ca70000000049454e44ae426082),
(21, 'monster_4', 0x89504e470d0a1a0a0000000d4948445200000020000000200802000000fc18eda3000000017352474200aece1ce90000000467414d410000b18f0bfc6105000000097048597300000ec300000ec301c76fa8640000001874455874536f667477617265007061696e742e6e657420342e302e396c337e4e000002ff49444154484bdd96c14b1b5110c65f68b33954a1d5a249cd268d55633701c143cf1a682318687b2eb4c5224a8d876aa182e0a5057b89b42a249e7b281554683c9882fe119a433dd443f54f680f7ac87666bfc7eedb6457b4841e3afc0e936fbe99796fb38488ff2b16179b432020073ad1d5c5d46ac2349b4034cad35cb1b1c1d4f9fe9acd4d9e26ef31342486879b7676151a4b88fd7d7170505f6b0a3496f038fbda9a28952475254f6cb3a7df63412824344d729147679b3dfd626646ccceba0aea4b862a503db648a8d1e811b78341a2761c344f2458001d58bde2b29e8466e95f759d305f3ae002d00194da253de518eba2128b55e271d3306ca4f5028afdd15654cfb7789c268ba4a611171977d905fda1104d1653d9b6fc48db4a384c98cf0d02562840365b55f35d98c077e0e179cbd5d5082bf92991cf93f4c530d70d34a87963a08a37c4d763bd45729a95cbb695b1f0f258787aa48da084689c70fe82e565667a9a410ea7f8fea1e7f0630f77ae1bc95b5a5f44c320e4b2db0abf057d7d0cce9b4c3af9e121231e0cb464075a6ad682ca7c6c673e8665c8d583fa2dd8d961a0572a4e9ecd3232d0bc3d172bcfc905c8316774b02537280f81e65c8e4194cb0cf4ed6d27773d462ce8eed0121d413547f5c76acfd16a2f16a3f9e8884124120c1e4b77b7937b2c98c9b5133829caaf461d65e95967e16967a12008aca15f2a0281a1507c179c7dbe4bf031d70ded6a207825a0ea6ac3e9a9383b936be8f786c050126ddd63c1e4fd1b04ce5b1a8f14c72358065d5aad98981093937250b1c8202791f0bd415a0fa5f450b57087c0e8ea12e7b0a6a25c4da50481a856198c06e934577d17ec2dc47717e299f43502f7400e0f95985d41a0399361d4057b7b5c45ee5ab0f95a2770eac7f75a0928f03cb214f99a9eb412f05845fe0f6183ead616e7ae05d1f620817b1c177b09dd5250fd6929586f967b89e3122ba8d2bf209b9a55d5addc23de3fe92030e8cdc39b36d01b513d00ba7a748ff8f5a9ffb71bd76595a8b3117e4e578c0d5f7f9171210b0d51672364e1df85107f007521df8b68c0f3960000000049454e44ae426082),
(22, 'purse', 0x89504e470d0a1a0a0000000d4948445200000020000000200802000000fc18eda3000000017352474200aece1ce90000000467414d410000b18f0bfc6105000000097048597300000ec300000ec301c76fa8640000001874455874536f667477617265007061696e742e6e657420342e302e396c337e4e0000032049444154484bdd943d4c535118864f155b434b22ff3fe547106cc5a2868eb83451ca50a232b188098368028b9840028961aa26ad51c184a58b26124cea6031114c60c145c3c4028b0ca2038c2a0918eff1fdee77bdf714eeb5d5c5c42f4fd2b7eff9cef79e7bfa23fea39a98b0c7e5321acc725a75f28ddada22a4b460a7a24294971b3d1040d3ac1e1ea4fabccb26a0b79730770276666608dec05aed39e8f32ec75a5eb6e80814026dbb506e179e0f92669f07193d1d046bc6e6ec6ab5b75bacdc6b0272a149be2101d8e7ab0887f59e15827de60f2a75b3867837967a3fce9a0f974a11fd916380758e533b95d77388d8fbe6fdbee33d7a18daf0bdc49727c1af4f833e1fe9bfac785c478ec4e568fc2e69175bfa81472e958d5e2ee34ea3359f07f1971498c81d8bcd4d016ae547bfdcf4d7bafc7e918566f9392a7dbbce44beb5e8e91120ad5d49cb9ef40b914e67232ddff13122a7bd403e6f058b771a006b2612a2d5c54501f86bca2c2ded772211c2a6569327008f0bd57980391df06a282480fa4b6e6bdbefacae1236cfa18e1bb8500ca6af57832c7f4000751c3bd3d38469821c01bbcf4e0177810b68b38abf2b803a881d8f47b8dd59c1590189ab9589be4a730a188e95029880b5c64bfae6e161421d974c8a44c27a6b3a468c7ac68dc72de078f911c04e630569a347dfccdbd4808d0dc27c6b6213d01d2e022f47ea003b1945abdbd480ee6e4275189b80ce335e303fde00d85950346febec24e6e70975505e016b0f9a41a0c60dd809d678a0d52b5a5b2382411108184373044cf657011ec77ab0ab04a85afd9099c1418287aa9a999a129393bf02f0023840372c0dffc76cabf5884a003878641363b45a3ce2517f1518ea2a01ecab17b86f0a181a221c2f47adf587cd80079dac7603f639c058cd9e0278901ab0be4ed80444cffa0007bc1eab07ec7340f41cad3a9d54f5a351c2b132a3f5806362ed3ec01f6f2c5c049dc908203ffb4c6261bde713e9397dd5e6ec6ae1770b38e0c3540b507553a3686c14da5cb37cd5c2183dbae6d5bc2ad95769c201ccad582930beb23af7af599dbf3fba63e16f756fc6911c17924f0d5c2cbee18cd1f4cf4a889fccc88cc29315977f0000000049454e44ae426082),
(23, 'vertical_bone', 0x89504e470d0a1a0a0000000d4948445200000020000000200802000000fc18eda3000000017352474200aece1ce90000000467414d410000b18f0bfc6105000000097048597300000ec300000ec301c76fa8640000001874455874536f667477617265007061696e742e6e657420342e302e396c337e4e000001b649444154484be596bd4ec25018864f636481450d88d636d1411390c5156ec1e81598d0854537131a49e40a5c60d6c5819404161c70c1f8335ae40ae41ed4c5e57c7ee51ce8a7d484d636d1f8e419dab7a7e72d8743039b11f5f0523df29031458ef82173f1054fe5e55f4d32e94a491264148c46c355210bde2028f4c2ece4f38e9c330069a120c3517e0ff0202c14144c7cf3f8c86cdb9d1dc5d389003b1345e2fb639c9f3b3e43f1190c2aad145e5c38237d17c4e38e2dfeda86372a80f2a5209170460664af5cde37cd26e74d003c40e9b7629a8e21608d0a96d6d61655951604db3e1e8882e376fbb8d5e26489422b38e5bc0a50bdb9a9f67a9114689c6b005a2ea76d6f47b244f2f7562aa15116bcbfa3912c117d633c0d0e0663c32e180e51abe912f035e78128d8dd45a32c184d67596ec5df2c306cdbe8f785e16d2352a0701ee63e4d176b69a396ee83a351c763c6c7b3a3f53aabd502d6c45636d18cc5334da0c65ea65cddc291f2b6d9d14fba7aa5fb657654bf05fdeeb3956b1ce9fb4f9856eee866e7d3d4e61526c2e9dc77c17c6a1da54b144b6d88d03397b7f965f9e06c227dc6eff27f4836eb4ac91264340d631fbafbcc9a534374ae0000000049454e44ae426082),
(24, 'background', 0x89504e470d0a1a0a0000000d4948445200000020000000200806000000737a7af4000000097048597300000b1200000b1201d2dd7efc000002a3494441545809c557d96e22410cf4343702f1c21720feffbb78420209899b55f5a67a6b8c7b0889b2b1140dd3875d2e97bb274d4ae9f1783c6c3299584ac9cee7b35daf57c318ac699afc77bfdff313e33aa7bf617cafcdeb1a8cf53978bbddec743ab536aa5375e6d770dcef898004fb9b3283815eaf67fd7ec195c7008e0ce019016060cf52cdb83e9162cd0201c908e6c6e3712e0f41c056ab558b56eef525d235face75787b820a16d4193601006c3a9ddae170686942b357903ae76b5fe609000118507f2b2818027469a14b2b0a84efff8aed84e38377d55519f074fbe0de32afa3d1a8089059aa43be3f6dfe288bcf98258b80f984730994368a4d0d5d0151fa8c55233a471d78e1460c6700ac3918c02184276bcd2c991981e85cc45aadf6adecff824c65824e185c910f06839042aed33f0b0e25bf96254aea900710172228c15d2e9796436586ef4c469961207fde9479ef10412946dc0b9a010e1fcf967607fde8a9a9eb4cdabd0050c161122cd4eab6dbed72c700a0171e598346ca311b7489176532512e691e0e87c5b102d96c36655ccf7c02c253335466f1e43a6aeca90dd5c97abdb6ed769bb33e1e8fc529c1a15bb84fbbc63a6e3f655bd6360f5d3c9bcdb2c3fd7e9f172d97cb0c0840703911206f486687ef0982e0f7846f4d0b0eb50280f4689fab21f3f97c9e81f87a0300b4c132b22378abea1df1c40c0fa248209141a47e1dc6a87ed50599a8dd31993d5e34515b45a647323353016bbde90b5778cd6f8aead4757bf154f4fd6d1fc26420fca62d168baabfa7cbe833862f241c52d8036d00103e52d876d1c76bed460dbf885e190407caada3649f4daa007825be70f39bcc7502f82d2b47f1af01f0b7d30f05a9cfd5d4f9bfecc735f04aa8756e6a1b3ae88c8c1f375580ef3250fbc7e3ab9645f88ef960df12b099fd01fbf8cf2a6ca30ae00000000049454e44ae426082),
(25, 'lorann_r', 0x89504e470d0a1a0a0000000d4948445200000020000000200802000000fc18eda3000000017352474200aece1ce90000000467414d410000b18f0bfc6105000000097048597300000ec300000ec301c76fa8640000001874455874536f667477617265007061696e742e6e657420342e302e396c337e4e0000016f49444154484bed963fb2c15014876f9a670314b6c002ec822e69d980420c8a64c60ab49e65b00a4a2d1b88c6a0502872deb9f7dc37f7b892bc84cc3c856fbe42ceefceefe44f437c782f5cd7f5ca439772a2283a9487e338b234a856c35a2d0c82300ce33806643e7f55051622226eb500a5eacb45da6c42a3f192e7b3ec518878b984d58a2e603281f1d83efd845882aa9b16fab51069f7ee79462b42d3d2020bb65ba315a13ce50db9168c46f26139f4f83ce50d3ccdb5e074925f8c839768764a3db916f094939d165e703c1a89ecb4f002df37123c1d0e4d4a93c20bf884a0dfbcee71f24e0b82c048a4a54f2eb85e8d44765a7801673693e64eff5a10457038dc999df2865c0bfa7ddbfca95eb05ec36643fdd0eb41b77b77888b51a2d63194e67a41bb0d9d8e7e9bfb3dec7609cf416294e8e3799a2bc477bd2e55d008a6d364d3b08ea18ac562819de2cb71a40afd3d6eb764d3b08ea18a4aa5829deadfc42f83c1c02f0f5dfae19f11e207494f17fcf7d04cc90000000049454e44ae426082);
COMMIT;

/*!40101 SET CHARACTER_SET_CLIENT=@OLD_CHARACTER_SET_CLIENT */;
/*!40101 SET CHARACTER_SET_RESULTS=@OLD_CHARACTER_SET_RESULTS */;
/*!40101 SET COLLATION_CONNECTION=@OLD_COLLATION_CONNECTION */;
